{
 "_w8":1.000000e-06, "_w6":7.180000e-05, "_w4":1.570000e-05, "_w10":2.200000e-06, "_w1":1.600000e-06,  "_w0":9.000000e-06, 
 "_l8":10.400000e-07,  "_l6":10.800000e-07, "_l4":10.700000e-07,  "_l10":10.900000e-07, "_l1":10.900000e-07, "_l0":10.400000e-07,
 "_nf8":1.000000e+00, "_nf6":1.000000e+00, "_nf4":4.000000e+00, "_nf10":1.000000e+00, "_nf1":1.000000e+00, "_nf0":3.000000e+00
   
}

