{
  "_wn1": 0.0001636,
  "_wn2": 0.0001824,
  "_wn3": 0.0001238,
  "_wn5": 0.0001138,
  "_wn7": 0.0001113,
  "_wp0": 8.605e-05,
  "_wp1": 9.214e-05,
  "_wp3": 0.0001465,
  "_wp5": 0.0001916,
  "_ln1": 8.422e-07,
  "_ln3": 1.813e-06,
  "_ln5": 2.322e-06,
  "_ln7": 1.504e-06,
  "_lp0": 2.419e-06,
  "_lp1": 8.998e-07,
  "_nfn1": 3.0,
  "_nfn2": 5.0,
  "_nfn3": 6.0,
  "_nfn5": 4.0,
  "_nfn7": 2.0,
  "_nfp0": 8.0,
  "_nfp1": 13.0,
  "_nfp3": 11.0,
  "_nfp5": 10.0
}