{
  "_wn1": 0.0001669,
  "_wn2": 0.0002,
  "_wn3": 0.0001175,
  "_wn5": 0.000151,
  "_wn7": 0.0001179,
  "_wp0": 8.938e-05,
  "_wp1": 0.0001818,
  "_wp3": 0.0001646,
  "_wp5": 6.791e-05,
  "_ln1": 1.989e-06,
  "_ln3": 8.613e-07,
  "_ln5": 1.95e-06,
  "_ln7": 4.255e-06,
  "_lp0": 1.52e-06,
  "_lp1": 1.066e-06,
  "_nfn1": 12.0,
  "_nfn2": 10.0,
  "_nfn3": 6.0,
  "_nfn5": 15.0,
  "_nfn7": 14.0,
  "_nfp0": 9.0,
  "_nfp1": 7.0,
  "_nfp3": 11.0,
  "_nfp5": 10.0
}