{
  "_wn1": 0.0001669,
  "_wn2": 0.000182,
  "_wn3": 0.000157,
  "_wn5": 6.232e-05,
  "_wn7": 0.0001113,
  "_wp0": 2.725e-05,
  "_wp1": 0.0001818,
  "_wp3": 0.0001646,
  "_wp5": 6.791e-05,
  "_ln1": 2.294e-06,
  "_ln3": 8.613e-07,
  "_ln5": 3.075e-06,
  "_ln7": 8.269e-07,
  "_lp0": 1.52e-06,
  "_lp1": 1.066e-06,
  "_nfn1": 12.0,
  "_nfn2": 10.0,
  "_nfn3": 8.0,
  "_nfn5": 1.0,
  "_nfn7": 14.0,
  "_nfp0": 7.0,
  "_nfp1": 7.0,
  "_nfp3": 9.0,
  "_nfp5": 10.0
}